{
  "jahr": 2026,
  "land": "Schweiz",
  "feiertage": [
    {
      "name": "Neujahr",
      "datum": "2026-01-01",
      "kantone": ["alle"]
    },
    {
      "name": "Berchtoldstag",
      "datum": "2026-01-02",
      "kantone": ["ZH", "BE", "LU", "OW", "GL", "ZG", "SO", "SH", "TG", "VD", "NE", "GE", "JU"]
    },
    {
      "name": "Heilige Drei Könige",
      "datum": "2026-01-06",
      "kantone": ["UR", "SZ", "GR", "TI"]
    },
    {
      "name": "Karfreitag",
      "datum": "2026-04-03",
      "kantone": ["alle_ausser", "VS", "TI"]
    },
    {
      "name": "Ostermontag",
      "datum": "2026-04-06",
      "kantone": ["alle_ausser", "VS"]
    },
    {
      "name": "Tag der Arbeit",
      "datum": "2026-05-01",
      "kantone": ["ZH", "FR", "SO", "BL", "SH", "AG", "TG", "TI", "NE", "JU"]
    },
    {
      "name": "Auffahrt",
      "datum": "2026-05-14",
      "kantone": ["alle"]
    },
    {
      "name": "Pfingstmontag",
      "datum": "2026-05-25",
      "kantone": ["alle_ausser", "VS"]
    },
    {
      "name": "Fronleichnam",
      "datum": "2026-06-04",
      "kantone": ["LU", "UR", "SZ", "OW", "NW", "ZG", "FR", "SO", "AI", "AG", "TI", "VS", "NE", "JU"]
    },
    {
      "name": "Bundesfeier",
      "datum": "2026-08-01",
      "kantone": ["alle"]
    },
    {
      "name": "Mariä Himmelfahrt",
      "datum": "2026-08-15",
      "kantone": ["LU", "UR", "SZ", "OW", "NW", "ZG", "FR", "SO", "AI", "AG", "TI", "VS", "JU"]
    },
    {
      "name": "Allerheiligen",
      "datum": "2026-11-01",
      "kantone": ["LU", "UR", "SZ", "OW", "NW", "GL", "ZG", "FR", "SO", "AI", "SG", "AG", "TI", "VS", "JU"]
    },
    {
      "name": "Mariä Empfängnis",
      "datum": "2026-12-08",
      "kantone": ["LU", "UR", "SZ", "OW", "NW", "ZG", "FR", "SO", "AI", "AG", "TI", "VS"]
    },
    {
      "name": "Weihnachten",
      "datum": "2026-12-25",
      "kantone": ["alle"]
    },
    {
      "name": "Stephanstag",
      "datum": "2026-12-26",
      "kantone": ["alle_ausser", "VD", "VS", "GE"]
    }
  ],
  "kantone": {
    "ZH": "Zürich",
    "BE": "Bern",
    "LU": "Luzern",
    "UR": "Uri",
    "SZ": "Schwyz",
    "OW": "Obwalden",
    "NW": "Nidwalden",
    "GL": "Glarus",
    "ZG": "Zug",
    "FR": "Freiburg",
    "SO": "Solothurn",
    "BS": "Basel-Stadt",
    "BL": "Basel-Landschaft",
    "SH": "Schaffhausen",
    "AR": "Appenzell Ausserrhoden",
    "AI": "Appenzell Innerrhoden",
    "SG": "St. Gallen",
    "GR": "Graubünden",
    "AG": "Aargau",
    "TG": "Thurgau",
    "TI": "Tessin",
    "VD": "Waadt",
    "VS": "Wallis",
    "NE": "Neuenburg",
    "GE": "Genf",
    "JU": "Jura"
  }
}
